"name","conservationArea"
"CyberTracker Nov 26, 2025, 10:58:04 AM","c9510a39-fbb6-44b9-8d0d-2afb7583cfd9"
"CyberTracker Dec 9, 2025, 2:05:51 AM","f7e3f930-e161-4dc6-a99f-59416f370952"
"CyberTracker Dec 9, 2025, 2:21:35 AM","f7e3f930-e161-4dc6-a99f-59416f370952"
"CyberTracker Dec 9, 2025, 2:38:07 AM","f7e3f930-e161-4dc6-a99f-59416f370952"
"CyberTracker Dec 10, 2025, 3:27:27 AM","f7e3f930-e161-4dc6-a99f-59416f370952"
"CyberTracker Dec 10, 2025, 3:27:32 AM","f7e3f930-e161-4dc6-a99f-59416f370952"
"CyberTracker Dec 10, 2025, 3:27:36 AM","f7e3f930-e161-4dc6-a99f-59416f370952"
"CyberTracker Dec 10, 2025, 3:27:40 AM","f7e3f930-e161-4dc6-a99f-59416f370952"
"CyberTracker Dec 10, 2025, 3:27:46 AM","f7e3f930-e161-4dc6-a99f-59416f370952"
"CyberTracker Dec 10, 2025, 3:27:50 AM","f7e3f930-e161-4dc6-a99f-59416f370952"
"CyberTracker Dec 10, 2025, 3:27:55 AM","f7e3f930-e161-4dc6-a99f-59416f370952"
"CyberTracker Dec 15, 2025, 1:52:54 AM","f7e3f930-e161-4dc6-a99f-59416f370952"
"CyberTracker Dec 15, 2025, 1:54:01 AM","f7e3f930-e161-4dc6-a99f-59416f370952"
"CyberTracker Dec 15, 2025, 2:24:59 AM","f7e3f930-e161-4dc6-a99f-59416f370952"
"CyberTracker Dec 15, 2025, 2:25:14 AM","f7e3f930-e161-4dc6-a99f-59416f370952"
"CyberTracker Dec 15, 2025, 2:37:24 AM","f7e3f930-e161-4dc6-a99f-59416f370952"
"CyberTracker Dec 15, 2025, 2:40:33 AM","f7e3f930-e161-4dc6-a99f-59416f370952"
"CyberTracker Dec 15, 2025, 2:47:11 AM","f7e3f930-e161-4dc6-a99f-59416f370952"
"CyberTracker Dec 19, 2025, 1:35:28 AM","f7e3f930-e161-4dc6-a99f-59416f370952"
"CyberTracker Dec 19, 2025, 1:58:25 AM","f7e3f930-e161-4dc6-a99f-59416f370952"
"CyberTracker Dec 19, 2025, 2:01:52 AM","f7e3f930-e161-4dc6-a99f-59416f370952"
"CyberTracker Dec 19, 2025, 2:15:05 AM","f7e3f930-e161-4dc6-a99f-59416f370952"
"CyberTracker Dec 19, 2025, 2:15:18 AM","f7e3f930-e161-4dc6-a99f-59416f370952"
"CyberTracker Dec 19, 2025, 2:45:44 AM","f7e3f930-e161-4dc6-a99f-59416f370952"
"CyberTracker Dec 22, 2025, 2:41:44 AM","f7e3f930-e161-4dc6-a99f-59416f370952"
"CyberTracker Dec 22, 2025, 2:41:47 AM","f7e3f930-e161-4dc6-a99f-59416f370952"
"CyberTracker Dec 22, 2025, 2:41:51 AM","f7e3f930-e161-4dc6-a99f-59416f370952"
"CyberTracker Dec 22, 2025, 2:41:54 AM","f7e3f930-e161-4dc6-a99f-59416f370952"
"CyberTracker Dec 26, 2025, 2:25:28 AM","f7e3f930-e161-4dc6-a99f-59416f370952"
"CyberTracker Dec 26, 2025, 2:32:32 AM","f7e3f930-e161-4dc6-a99f-59416f370952"
"CyberTracker Dec 26, 2025, 2:41:45 AM","f7e3f930-e161-4dc6-a99f-59416f370952"
"CyberTracker Dec 26, 2025, 2:44:43 AM","f7e3f930-e161-4dc6-a99f-59416f370952"
"CyberTracker Dec 26, 2025, 2:48:33 AM","f7e3f930-e161-4dc6-a99f-59416f370952"
"CyberTracker Dec 26, 2025, 2:51:50 AM","f7e3f930-e161-4dc6-a99f-59416f370952"
"CyberTracker Dec 26, 2025, 2:54:36 AM","f7e3f930-e161-4dc6-a99f-59416f370952"
"CyberTracker Dec 26, 2025, 2:55:11 AM","f7e3f930-e161-4dc6-a99f-59416f370952"
"CyberTracker Dec 26, 2025, 2:58:02 AM","f7e3f930-e161-4dc6-a99f-59416f370952"
"CyberTracker Dec 29, 2025, 3:01:58 AM","f7e3f930-e161-4dc6-a99f-59416f370952"
"CyberTracker Dec 29, 2025, 3:02:01 AM","f7e3f930-e161-4dc6-a99f-59416f370952"
"CyberTracker Dec 29, 2025, 3:02:04 AM","f7e3f930-e161-4dc6-a99f-59416f370952"
"CyberTracker Dec 29, 2025, 3:02:09 AM","f7e3f930-e161-4dc6-a99f-59416f370952"
"CyberTracker Dec 29, 2025, 3:02:13 AM","f7e3f930-e161-4dc6-a99f-59416f370952"
"CyberTracker Dec 29, 2025, 3:02:17 AM","f7e3f930-e161-4dc6-a99f-59416f370952"
"CyberTracker Dec 29, 2025, 3:02:20 AM","f7e3f930-e161-4dc6-a99f-59416f370952"
"CyberTracker Dec 29, 2025, 3:02:25 AM","f7e3f930-e161-4dc6-a99f-59416f370952"
"CyberTracker Dec 29, 2025, 3:02:29 AM","f7e3f930-e161-4dc6-a99f-59416f370952"
"CyberTracker Dec 29, 2025, 3:02:32 AM","f7e3f930-e161-4dc6-a99f-59416f370952"
"CyberTracker Dec 29, 2025, 3:02:35 AM","f7e3f930-e161-4dc6-a99f-59416f370952"
"CyberTracker Dec 29, 2025, 3:02:39 AM","f7e3f930-e161-4dc6-a99f-59416f370952"
"CyberTracker Jan 1, 2026, 3:05:22 AM","f7e3f930-e161-4dc6-a99f-59416f370952"
"CyberTracker Jan 1, 2026, 3:08:59 AM","f7e3f930-e161-4dc6-a99f-59416f370952"
"CyberTracker Jan 1, 2026, 3:16:53 AM","f7e3f930-e161-4dc6-a99f-59416f370952"
"CyberTracker Jan 5, 2026, 1:52:56 AM","f7e3f930-e161-4dc6-a99f-59416f370952"
"CyberTracker Jan 5, 2026, 2:05:31 AM","f7e3f930-e161-4dc6-a99f-59416f370952"
"CyberTracker Jan 5, 2026, 2:09:48 AM","f7e3f930-e161-4dc6-a99f-59416f370952"
"CyberTracker Jan 5, 2026, 2:13:47 AM","f7e3f930-e161-4dc6-a99f-59416f370952"
"CyberTracker Jan 5, 2026, 2:16:40 AM","f7e3f930-e161-4dc6-a99f-59416f370952"
"CyberTracker Jan 5, 2026, 2:20:08 AM","f7e3f930-e161-4dc6-a99f-59416f370952"
"CyberTracker Jan 5, 2026, 2:24:44 AM","f7e3f930-e161-4dc6-a99f-59416f370952"
"CyberTracker Jan 5, 2026, 2:36:56 AM","f7e3f930-e161-4dc6-a99f-59416f370952"
"CyberTracker Jan 8, 2026, 2:40:51 AM","f7e3f930-e161-4dc6-a99f-59416f370952"
"CyberTracker Jan 8, 2026, 2:55:50 AM","f7e3f930-e161-4dc6-a99f-59416f370952"
"CyberTracker Jan 8, 2026, 2:57:38 AM","f7e3f930-e161-4dc6-a99f-59416f370952"
"CyberTracker Jan 8, 2026, 3:01:53 AM","f7e3f930-e161-4dc6-a99f-59416f370952"
"CyberTracker Jan 8, 2026, 3:13:00 AM","f7e3f930-e161-4dc6-a99f-59416f370952"
"CyberTracker Jan 8, 2026, 3:15:28 AM","f7e3f930-e161-4dc6-a99f-59416f370952"
"CyberTracker Jan 8, 2026, 3:20:06 AM","f7e3f930-e161-4dc6-a99f-59416f370952"
"CyberTracker Jan 13, 2026, 2:19:56 AM","f7e3f930-e161-4dc6-a99f-59416f370952"
"CyberTracker Jan 13, 2026, 2:31:06 AM","f7e3f930-e161-4dc6-a99f-59416f370952"
"CyberTracker Jan 13, 2026, 2:37:14 AM","f7e3f930-e161-4dc6-a99f-59416f370952"
"CyberTracker Jan 13, 2026, 2:39:02 AM","f7e3f930-e161-4dc6-a99f-59416f370952"
"CyberTracker Jan 13, 2026, 2:43:50 AM","f7e3f930-e161-4dc6-a99f-59416f370952"
"CyberTracker Jan 13, 2026, 2:46:31 AM","f7e3f930-e161-4dc6-a99f-59416f370952"
"CyberTracker Jan 13, 2026, 2:49:02 AM","f7e3f930-e161-4dc6-a99f-59416f370952"
"CyberTracker Jan 13, 2026, 2:51:15 AM","f7e3f930-e161-4dc6-a99f-59416f370952"
"CyberTracker Jan 13, 2026, 2:55:08 AM","f7e3f930-e161-4dc6-a99f-59416f370952"
"CyberTracker Jan 13, 2026, 2:58:31 AM","f7e3f930-e161-4dc6-a99f-59416f370952"
"CyberTracker Jan 13, 2026, 3:03:34 AM","f7e3f930-e161-4dc6-a99f-59416f370952"
"CyberTracker Jan 21, 2026, 12:16:14 AM","f7e3f930-e161-4dc6-a99f-59416f370952"
"CyberTracker Jan 21, 2026, 12:19:01 AM","f7e3f930-e161-4dc6-a99f-59416f370952"
"CyberTracker Jan 21, 2026, 12:22:02 AM","f7e3f930-e161-4dc6-a99f-59416f370952"
"CyberTracker Jan 21, 2026, 12:23:57 AM","f7e3f930-e161-4dc6-a99f-59416f370952"
"CyberTracker Jan 21, 2026, 12:25:38 AM","f7e3f930-e161-4dc6-a99f-59416f370952"
"CyberTracker Jan 21, 2026, 12:26:38 AM","f7e3f930-e161-4dc6-a99f-59416f370952"
"CyberTracker Jan 21, 2026, 12:29:27 AM","f7e3f930-e161-4dc6-a99f-59416f370952"
"CyberTracker Jan 21, 2026, 12:31:25 AM","f7e3f930-e161-4dc6-a99f-59416f370952"
"CyberTracker Jan 21, 2026, 12:33:29 AM","f7e3f930-e161-4dc6-a99f-59416f370952"
"CyberTracker Jan 21, 2026, 12:34:48 AM","f7e3f930-e161-4dc6-a99f-59416f370952"
"CyberTracker Jan 21, 2026, 12:37:14 AM","f7e3f930-e161-4dc6-a99f-59416f370952"
"CyberTracker Jan 21, 2026, 12:45:50 AM","f7e3f930-e161-4dc6-a99f-59416f370952"
"CyberTracker Jan 21, 2026, 1:11:11 AM","f7e3f930-e161-4dc6-a99f-59416f370952"
"CyberTracker Jan 26, 2026, 3:01:30 AM","f7e3f930-e161-4dc6-a99f-59416f370952"
"CyberTracker Jan 26, 2026, 3:01:39 AM","f7e3f930-e161-4dc6-a99f-59416f370952"
"CyberTracker Jan 26, 2026, 3:01:52 AM","f7e3f930-e161-4dc6-a99f-59416f370952"
"CyberTracker Jan 26, 2026, 3:02:03 AM","f7e3f930-e161-4dc6-a99f-59416f370952"
"CyberTracker Jan 26, 2026, 3:02:15 AM","f7e3f930-e161-4dc6-a99f-59416f370952"
"CyberTracker Jan 26, 2026, 3:02:29 AM","f7e3f930-e161-4dc6-a99f-59416f370952"
"CyberTracker Jan 26, 2026, 3:02:37 AM","f7e3f930-e161-4dc6-a99f-59416f370952"
"CyberTracker Jan 26, 2026, 3:02:50 AM","f7e3f930-e161-4dc6-a99f-59416f370952"
"CyberTracker Jan 26, 2026, 3:03:07 AM","f7e3f930-e161-4dc6-a99f-59416f370952"
"CyberTracker Jan 26, 2026, 3:03:20 AM","f7e3f930-e161-4dc6-a99f-59416f370952"
"CyberTracker Jan 26, 2026, 3:05:40 AM","f7e3f930-e161-4dc6-a99f-59416f370952"
"CyberTracker Jan 26, 2026, 3:05:58 AM","f7e3f930-e161-4dc6-a99f-59416f370952"
"CyberTracker Jan 29, 2026, 1:20:39 AM","f7e3f930-e161-4dc6-a99f-59416f370952"
"CyberTracker Jan 29, 2026, 1:29:09 AM","f7e3f930-e161-4dc6-a99f-59416f370952"
"CyberTracker Jan 29, 2026, 1:31:41 AM","f7e3f930-e161-4dc6-a99f-59416f370952"
"CyberTracker Jan 29, 2026, 1:33:44 AM","f7e3f930-e161-4dc6-a99f-59416f370952"
"CyberTracker Jan 29, 2026, 1:36:44 AM","f7e3f930-e161-4dc6-a99f-59416f370952"
"CyberTracker Jan 29, 2026, 1:40:57 AM","f7e3f930-e161-4dc6-a99f-59416f370952"
"CyberTracker Jan 29, 2026, 1:43:26 AM","f7e3f930-e161-4dc6-a99f-59416f370952"
"CyberTracker Jan 29, 2026, 1:45:16 AM","f7e3f930-e161-4dc6-a99f-59416f370952"
"CyberTracker Jan 29, 2026, 1:47:44 AM","f7e3f930-e161-4dc6-a99f-59416f370952"
"CyberTracker Jan 29, 2026, 1:49:33 AM","f7e3f930-e161-4dc6-a99f-59416f370952"
"CyberTracker Jan 29, 2026, 1:51:08 AM","f7e3f930-e161-4dc6-a99f-59416f370952"
"CyberTracker Jan 29, 2026, 1:55:20 AM","f7e3f930-e161-4dc6-a99f-59416f370952"
"CyberTracker Jan 29, 2026, 1:57:03 AM","f7e3f930-e161-4dc6-a99f-59416f370952"
"CyberTracker Jan 29, 2026, 1:59:37 AM","f7e3f930-e161-4dc6-a99f-59416f370952"
"CyberTracker Jan 29, 2026, 2:03:27 AM","f7e3f930-e161-4dc6-a99f-59416f370952"
"CyberTracker Jan 29, 2026, 2:06:05 AM","f7e3f930-e161-4dc6-a99f-59416f370952"
"CyberTracker Jan 29, 2026, 2:09:11 AM","f7e3f930-e161-4dc6-a99f-59416f370952"
"CyberTracker Jan 29, 2026, 2:11:22 AM","f7e3f930-e161-4dc6-a99f-59416f370952"
"CyberTracker Jan 29, 2026, 2:13:10 AM","f7e3f930-e161-4dc6-a99f-59416f370952"
"CyberTracker Jan 29, 2026, 2:16:47 AM","f7e3f930-e161-4dc6-a99f-59416f370952"
"CyberTracker Feb 2, 2026, 5:06:01 AM","f7e3f930-e161-4dc6-a99f-59416f370952"
"CyberTracker Feb 2, 2026, 5:06:04 AM","f7e3f930-e161-4dc6-a99f-59416f370952"
"CyberTracker Feb 2, 2026, 5:06:07 AM","f7e3f930-e161-4dc6-a99f-59416f370952"
"CyberTracker Feb 2, 2026, 5:06:11 AM","f7e3f930-e161-4dc6-a99f-59416f370952"
"CyberTracker Feb 2, 2026, 5:06:15 AM","f7e3f930-e161-4dc6-a99f-59416f370952"
"CyberTracker Feb 2, 2026, 5:06:19 AM","f7e3f930-e161-4dc6-a99f-59416f370952"
"CyberTracker Feb 2, 2026, 5:06:22 AM","f7e3f930-e161-4dc6-a99f-59416f370952"
"CyberTracker Feb 2, 2026, 5:06:26 AM","f7e3f930-e161-4dc6-a99f-59416f370952"
"CyberTracker Feb 2, 2026, 5:06:30 AM","f7e3f930-e161-4dc6-a99f-59416f370952"
"CyberTracker Feb 2, 2026, 5:06:34 AM","f7e3f930-e161-4dc6-a99f-59416f370952"
"CyberTracker Feb 2, 2026, 5:06:37 AM","f7e3f930-e161-4dc6-a99f-59416f370952"
"CyberTracker Feb 2, 2026, 5:06:41 AM","f7e3f930-e161-4dc6-a99f-59416f370952"
"CyberTracker Feb 2, 2026, 5:06:44 AM","f7e3f930-e161-4dc6-a99f-59416f370952"
"CyberTracker Feb 2, 2026, 5:06:48 AM","f7e3f930-e161-4dc6-a99f-59416f370952"
"CyberTracker Feb 2, 2026, 5:06:51 AM","f7e3f930-e161-4dc6-a99f-59416f370952"
"CyberTracker Feb 2, 2026, 5:06:55 AM","f7e3f930-e161-4dc6-a99f-59416f370952"
"CyberTracker Feb 2, 2026, 5:06:58 AM","f7e3f930-e161-4dc6-a99f-59416f370952"
"CyberTracker Feb 2, 2026, 5:07:01 AM","f7e3f930-e161-4dc6-a99f-59416f370952"
"CyberTracker Feb 9, 2026, 1:49:14 AM","f7e3f930-e161-4dc6-a99f-59416f370952"
"CyberTracker Feb 9, 2026, 1:56:32 AM","f7e3f930-e161-4dc6-a99f-59416f370952"
"CyberTracker Feb 9, 2026, 2:05:27 AM","f7e3f930-e161-4dc6-a99f-59416f370952"
"CyberTracker Feb 9, 2026, 2:07:41 AM","f7e3f930-e161-4dc6-a99f-59416f370952"
"CyberTracker Feb 9, 2026, 2:32:21 AM","f7e3f930-e161-4dc6-a99f-59416f370952"
